-- phpMyAdmin SQL Dump
-- version 4.6.0
-- http://www.phpmyadmin.net
--
-- Host: localhost
-- Generation Time: 2018 年 2 月 02 日 18:27
-- サーバのバージョン： 5.5.58-log
-- PHP Version: 5.6.32

SET SQL_MODE = "NO_AUTO_VALUE_ON_ZERO";
SET time_zone = "+00:00";


/*!40101 SET @OLD_CHARACTER_SET_CLIENT=@@CHARACTER_SET_CLIENT */;
/*!40101 SET @OLD_CHARACTER_SET_RESULTS=@@CHARACTER_SET_RESULTS */;
/*!40101 SET @OLD_COLLATION_CONNECTION=@@COLLATION_CONNECTION */;
/*!40101 SET NAMES utf8mb4 */;

--
-- Database: `noyatsu_gimon`
--

-- --------------------------------------------------------

--
-- テーブルの構造 `badwords`
--

CREATE TABLE `badwords` (
  `id` int(11) NOT NULL,
  `degree` int(11) DEFAULT NULL COMMENT 'max 10',
  `word` varchar(32) COLLATE utf8_bin NOT NULL
) ENGINE=InnoDB DEFAULT CHARSET=utf8 COLLATE=utf8_bin;

--
-- テーブルのデータのダンプ `badwords`
--

INSERT INTO `badwords` (`id`, `degree`, `word`) VALUES
(1, 3, 'バカ'),
(2, 7, '死ね'),
(3, 7, 'しね'),
(4, 7, 'シネ'),
(5, 5, 'カス'),
(6, 4, 'hate'),
(7, 3, '馬鹿'),
(8, 2, '間抜け'),
(9, 4, 'くたばれ'),
(10, 2, 'まぬけ'),
(11, 2, 'ボケ'),
(12, 3, '変態'),
(13, 4, 'くず'),
(14, 5, 'くそ'),
(15, 5, 'クソ'),
(16, 4, 'ゴミ'),
(17, 6, 'デブ'),
(18, 4, 'ババア'),
(19, 6, 'キチガイ'),
(20, 3, 'ジジィ'),
(21, 4, 'ドジ'),
(22, 4, '阿婆擦れ'),
(23, 4, 'あばずれ'),
(24, 6, 'ハゲ'),
(25, 2, 'スケベ'),
(26, 5, '負け犬'),
(27, 6, 'ブス'),
(28, 6, 'busu'),
(29, 4, '野郎'),
(30, 7, 'きも'),
(31, 7, 'キモ'),
(32, 4, '嘘つき'),
(33, 6, '腰抜け'),
(34, 4, '弱虫'),
(35, 3, 'やぼ'),
(36, 5, 'ださ'),
(37, 3, 'ダサ'),
(38, 4, 'ずる'),
(39, 4, 'ズル'),
(40, 2, 'けち'),
(41, 6, 'チビ'),
(42, 6, 'ちび'),
(43, 6, '根性なし'),
(44, 6, '尻軽'),
(45, 3, '死'),
(46, 3, '地獄'),
(47, 7, '近寄らないで'),
(48, 3, 'くさ'),
(49, 4, '迷惑'),
(50, 5, 'ブサイク'),
(51, 5, '不細工'),
(52, 2, 'うん'),
(53, 6, 'ガイジ'),
(54, 10, '部落'),
(55, 10, '人非人'),
(56, 5, '家柄'),
(57, 5, '血筋'),
(58, 4, '身分'),
(59, 4, '過去帳'),
(60, 5, '興信所'),
(61, 5, '特殊学級'),
(62, 4, 'fuck'),
(63, 6, 'shit'),
(64, 6, 'asshole'),
(65, 6, 'bitch'),
(66, 7, 'plonker'),
(67, 6, 'hell'),
(68, 5, 'idiot'),
(69, 7, 'cunt'),
(70, 7, 'ass'),
(71, 5, 'scum'),
(72, 6, 'moron'),
(73, 6, 'lame');

-- --------------------------------------------------------

--
-- テーブルの構造 `gimon`
--

CREATE TABLE `gimon` (
  `id` int(11) NOT NULL,
  `destination` bigint(255) UNSIGNED NOT NULL,
  `ipaddress` varchar(32) COLLATE utf8_bin NOT NULL,
  `text` text COLLATE utf8_bin NOT NULL,
  `answer` bigint(20) UNSIGNED DEFAULT NULL,
  `created_at` datetime NOT NULL
) ENGINE=InnoDB DEFAULT CHARSET=utf8 COLLATE=utf8_bin;

--
-- テーブルのデータのダンプ `gimon`
--

INSERT INTO `gimon` (`id`, `destination`, `ipaddress`, `text`, `answer`, `created_at`) VALUES
(8, 705023631789678592, '153.221.31.96', '(1)世界で一番長いトンネルはどこからどこまで？\r\n(2)世界で一番短いトンネルはどこからどこまで？\r\n\r\nこの二つの質問の回答は同じだとういう。その答えとは？', NULL, '2018-01-22 18:32:43'),
(9, 705023631789678592, '220.221.203.112', '暇ですか？', NULL, '2018-01-22 18:33:09'),
(10, 3123604480, '153.221.31.96', 'どうしてこれを作ったんですか', NULL, '2018-01-23 00:08:57'),
(13, 3123604480, '180.58.18.151', 'これも誰から来たかわからないやつですか？', NULL, '2018-01-23 00:11:40'),
(14, 3123604480, '111.239.222.36', '身長何cmですか', NULL, '2018-01-23 00:12:07'),
(15, 3123604480, '106.186.60.87', '大久保亮汰のことをどう思っていますか\r\nまたどうしようとしていますか', NULL, '2018-01-23 00:16:59'),
(16, 3123604480, '111.89.43.235', '突撃参加じゃなくてちゃんと飲み会しよ', NULL, '2018-01-23 00:19:51'),
(18, 3123604480, '180.58.18.151', '筑波大学全体を使ったナゾトキイベント、絶対楽しいと思うのですがガチでT-actとかでできませんかね？', NULL, '2018-01-23 00:22:29'),
(20, 3123604480, '220.221.203.112', '有村架純好きですか', NULL, '2018-01-23 00:26:44'),
(23, 3123604480, '106.186.60.87', 'ちんちん何センチですか！\r\nわからなければ測ってください', NULL, '2018-01-23 00:29:18'),
(24, 3123604480, '106.186.60.87', '好きな体位はなんですか？', NULL, '2018-01-23 00:29:51'),
(25, 1439978504, '1.33.255.247', '', NULL, '2018-01-23 00:29:51'),
(26, 1439978504, '1.33.255.247', 'あああ', NULL, '2018-01-23 00:30:24'),
(27, 1439978504, '1.33.255.247', 'aaaaaaaaa', NULL, '2018-01-23 00:34:09'),
(29, 1439978504, '1.33.255.247', '', NULL, '2018-01-23 00:49:52'),
(30, 3123604480, '180.58.18.151', '最近さらにバカリズムに似てきましたね', NULL, '2018-01-23 00:50:37'),
(31, 1439978504, '1.33.255.247', 'foo', NULL, '2018-01-23 00:50:45'),
(42, 3123604480, '1.33.255.247', '1.7MiBぐらいのPOSTが投げられても受け付ける設定になっているので，ちとあぶないかも？（いらんこと試してしまってごめんなさい）', NULL, '2018-01-23 01:16:18'),
(45, 3123604480, '133.51.77.102', 'チップ０枚', NULL, '2018-01-23 13:50:00'),
(46, 3123604480, '133.51.121.112', 'ながすすこ', NULL, '2018-01-23 13:58:27'),
(47, 3123604480, '180.58.18.151', 'このアカウントの後半の「losk」の由来は何ですか？', NULL, '2018-01-23 15:03:54'),
(48, 3123604480, '106.186.60.87', 'どうすれば幸せになれますか', NULL, '2018-01-23 16:53:40'),
(54, 3123604480, '133.51.81.134', 'うぃたさんはいま幸せですか', NULL, '2018-01-24 16:04:00'),
(55, 3123604480, '106.128.174.78', '今幸せですか？', NULL, '2018-01-24 16:14:54'),
(56, 3123604480, '111.104.168.182', 'バレンタインデーが近いですが、チョコレート菓子で何が好きですか？', NULL, '2018-01-24 16:17:37'),
(57, 3123604480, '106.186.60.87', '自分を好きになる方法を', NULL, '2018-01-24 17:08:56'),
(62, 3123604480, '113.213.240.96', 'しっずかーなこーはんのもーりのかげっから〜', NULL, '2018-01-30 01:42:36'),
(63, 3123604480, '113.213.240.96', '服の上からでもわかるほどおっぱい大きいですよね。こんどサンブンノイチしてください〜〜', 958357770574602241, '2018-01-30 01:43:14'),
(65, 3241971162, '133.51.86.20', '今までで一番「しにたい」と思ったときはいつですか\r\nというかその経験はありますか', NULL, '2018-01-30 13:55:12'),
(66, 3241971162, '133.51.86.20', '小学校の時一番好きだった遊びは何ですか', NULL, '2018-01-30 14:02:26'),
(67, 3123604480, '220.109.116.61', '疲れた', 958352757596942336, '2018-01-30 20:07:52'),
(68, 3241971162, '220.109.116.61', '寒いですね', 958541573611909122, '2018-01-30 21:04:26'),
(70, 3241971162, '220.109.116.61', '自分たちの代のアドバンを一言でいうとなんですか？', 958542583285760000, '2018-01-31 00:53:50'),
(71, 3241971162, '182.251.104.173', 'アイプチしたおーみやさんを見てみたいです', 958544142597935104, '2018-01-31 12:30:01'),
(73, 3241971162, '220.109.116.61', '娘と息子、どっちが欲しいですか？', 958596230057267201, '2018-01-31 16:00:52'),
(74, 3241971162, '59.171.13.50', '今月は何回丸亀行きましたか', 958699841449840640, '2018-01-31 22:48:21'),
(75, 3241971162, '59.171.13.50', '丸亀の回数勝ちました', 958715311900917760, '2018-01-31 23:46:57'),
(83, 3241971162, '220.109.116.61', '丸亀で一番のおすすめはなんですか？', 958958300749443073, '2018-02-01 03:01:43'),
(85, 3241971162, '182.251.105.74', '丸亀で何かダジャレ言ってください', 958960795462680583, '2018-02-01 16:04:13'),
(86, 3241971162, '182.251.105.74', 'なんでそんなに丸亀ばかり行くようになったんですか？', 958961406975426560, '2018-02-01 16:09:12'),
(87, 3241971162, '182.251.105.75', '丸亀のおすすめの天ぷら', 959330326924353536, '2018-02-02 16:37:31'),
(88, 3241971162, '182.251.105.75', '天かすとネギの比率', 959334582486093824, '2018-02-02 16:42:38');

-- --------------------------------------------------------

--
-- テーブルの構造 `user`
--

CREATE TABLE `user` (
  `id` bigint(255) UNSIGNED NOT NULL,
  `name` varchar(128) COLLATE utf8_bin NOT NULL,
  `screen_name` varchar(128) COLLATE utf8_bin NOT NULL,
  `blocklist` text COLLATE utf8_bin,
  `created_at` datetime DEFAULT NULL,
  `updated_at` datetime DEFAULT NULL
) ENGINE=InnoDB DEFAULT CHARSET=utf8 COLLATE=utf8_bin;

--
-- テーブルのデータのダンプ `user`
--

INSERT INTO `user` (`id`, `name`, `screen_name`, `blocklist`, `created_at`, `updated_at`) VALUES
(1439978504, 'ひよこちゃんは、ばすとろ吹き', 'hiyokochan_0930', NULL, '2018-01-23 00:21:28', '2018-01-23 01:17:01'),
(2853188832, 'やまｃ', 'life8dead', NULL, '2018-01-31 22:10:14', '2018-01-31 22:10:14'),
(3123604480, 'うぃた', 'witalosk', NULL, '2018-01-22 18:04:25', '2018-02-02 18:24:20'),
(3241971162, 'おーみや2', 'omiya_mast2', NULL, '2018-01-30 13:45:34', '2018-02-02 16:37:42'),
(705023631789678592, '夢幻のういた', 'witamast', NULL, '2018-01-22 11:20:14', '2018-01-23 18:36:21');

--
-- Indexes for dumped tables
--

--
-- Indexes for table `badwords`
--
ALTER TABLE `badwords`
  ADD PRIMARY KEY (`id`);

--
-- Indexes for table `gimon`
--
ALTER TABLE `gimon`
  ADD PRIMARY KEY (`id`);

--
-- Indexes for table `user`
--
ALTER TABLE `user`
  ADD PRIMARY KEY (`id`);

--
-- AUTO_INCREMENT for dumped tables
--

--
-- AUTO_INCREMENT for table `badwords`
--
ALTER TABLE `badwords`
  MODIFY `id` int(11) NOT NULL AUTO_INCREMENT, AUTO_INCREMENT=74;
--
-- AUTO_INCREMENT for table `gimon`
--
ALTER TABLE `gimon`
  MODIFY `id` int(11) NOT NULL AUTO_INCREMENT, AUTO_INCREMENT=89;
/*!40101 SET CHARACTER_SET_CLIENT=@OLD_CHARACTER_SET_CLIENT */;
/*!40101 SET CHARACTER_SET_RESULTS=@OLD_CHARACTER_SET_RESULTS */;
/*!40101 SET COLLATION_CONNECTION=@OLD_COLLATION_CONNECTION */;
